file,app,source,color
01-spotify.png,Spotify,https://simpleicons.org/?q=spotify,#1ED760
02-discord.png,Discord,https://simpleicons.org/?q=discord,#5865F2
03-steam.png,Steam,https://simpleicons.org/?q=steam,#FFFFFF
04-x.png,X,https://simpleicons.org/?q=x,#FFFFFF
05-youtube.png,YouTube,https://simpleicons.org/?q=youtube,#FF0000
06-twitch.png,Twitch,https://simpleicons.org/?q=twitch,#9146FF
07-reddit.png,Reddit,https://simpleicons.org/?q=reddit,#FF4500
08-github.png,GitHub,https://simpleicons.org/?q=github,#FFFFFF
09-signal.png,Signal,https://simpleicons.org/?q=signal,#3A76F0
10-figma.png,Figma,https://simpleicons.org/?q=figma,#F24E1E
11-notion.png,Notion,https://simpleicons.org/?q=notion,#FFFFFF
12-vscodium.png,VSCodium,https://simpleicons.org/?q=vscodium,#2F80ED
13-chrome.png,Google Chrome,https://simpleicons.org/?q=googlechrome,#4285F4
14-firefox.png,Firefox,https://simpleicons.org/?q=firefox,#FF7139
15-netflix.png,Netflix,https://simpleicons.org/?q=netflix,#E50914
16-whatsapp.png,WhatsApp,https://simpleicons.org/?q=whatsapp,#25D366
17-telegram.png,Telegram,https://simpleicons.org/?q=telegram,#26A5E4
18-zoom.png,Zoom,https://simpleicons.org/?q=zoom,#0B5CFF
19-obs-studio.png,OBS Studio,https://simpleicons.org/?q=obsstudio,#FFFFFF
20-vlc.png,VLC,https://simpleicons.org/?q=vlcmediaplayer,#FF8800
21-epic-games.png,Epic Games,https://simpleicons.org/?q=epicgames,#FFFFFF
22-riot-games.png,Riot Games,https://simpleicons.org/?q=riotgames,#D32936
23-playstation.png,PlayStation,https://simpleicons.org/?q=playstation,#0070D1
24-battlenet.png,Battle.net,https://simpleicons.org/?q=battledotnet,#148EFF
25-gmail.png,Gmail,https://simpleicons.org/?q=gmail,#EA4335
26-google-drive.png,Google Drive,https://simpleicons.org/?q=googledrive,#4285F4
27-dropbox.png,Dropbox,https://simpleicons.org/?q=dropbox,#0061FF
28-element.png,Element,https://simpleicons.org/?q=element,#0DBD8B
29-trello.png,Trello,https://simpleicons.org/?q=trello,#0052CC
30-sublime-text.png,Sublime Text,https://simpleicons.org/?q=sublimetext,#FF9800
31-blender.png,Blender,https://simpleicons.org/?q=blender,#F5792A
32-alacritty.png,Alacritty,https://simpleicons.org/?q=alacritty,#F46D01
